{"actor_loss": 4.672346115112305, "critic_loss": 123.99007415771484, "entropy_loss": 0.3465714156627655, "_timestamp": 1677176155.3552742, "_runtime": 19.237378120422363, "_step": 500, "_wandb": {"runtime": 17}}